id,title,ulica,metraz_m2,najem_pln,czynsz_adm_pln,url,lat,lon,dzielnica
ID4xLi3,Wynajmę mieszkanie dwupokojowe przy al. Juliusza Słowackiego,al. Juliusza Słowackiego,51.0,3100,832.0,https://www.otodom.pl/pl/oferta/wynajme-mieszkanie-dwupokojowe-przy-al-juliusza-slowackiego-ID4xLi3,50.0735881,19.9363303,Krowodrza
ID48Wj1,Aparthotel Vanilla- wynajem długoterminowy!,Profesora Michała Bobrzyńskiego 33,60.0,3500,,https://www.otodom.pl/pl/oferta/aparthotel-vanilla-wynajem-dlugoterminowy-ID48Wj1,50.0205342,19.8988892,Dębniki
ID4xG7i,Nowoczesne mieszkanie z loggią w Krakowie Podgórze-świetna lokalizacja,bulwary Wołyński,48.21,3890,600.0,https://www.otodom.pl/pl/oferta/nowoczesne-mieszkanie-z-loggia-w-krakowie-podgorze-swietna-lokalizacja-ID4xG7i,,,
ID4xMYJ,Piękne 3-pok z dwoma balkonami|73 m2|Os. Eldorado,al. Jana Pawła II,73.0,4300,1100.0,https://www.otodom.pl/pl/oferta/piekne-3-pok-z-dwoma-balkonami-73-m2-os-eldorado-ID4xMYJ,50.072287,20.0300611,Nowa Huta
ID4xMYF,Mieszkanie 2 pok w centrum miasta!Kremerowska!,Kremerowska,50.0,3000,650.0,https://www.otodom.pl/pl/oferta/mieszkanie-2-pok-w-centrum-miasta-kremerowska-ID4xMYF,50.0678889,19.9298042,Stare Miasto
ID49bqy,3 pokojowe do wynajęcia,Mistrzejowicka,63.0,3200,1119.0,https://www.otodom.pl/pl/oferta/3-pokojowe-do-wynajecia-ID49bqy,50.101029,20.0255375,Mistrzejowice
ID4xMWN,"2 pokoje, 49 m2 + 20 m2 tarasu, os. Moje Eldorado, Park Lotników.",Mariana Markowskiego,50.0,3200,800.0,https://www.otodom.pl/pl/oferta/2-pokoje-49-m2-20-m2-tarasu-os-moje-eldorado-park-lotnikow-ID4xMWN,50.0739852,19.9891287,Czyżyny
ID41s8f,"Bezpośrednio-ul. Wrocławska, 2 osobne pokoje",Wrocławska,44.0,3100,594.0,https://www.otodom.pl/pl/oferta/bezposrednio-ul-wroclawska-2-osobne-pokoje-ID41s8f,50.082299,19.9154396,Prądnik Biały
ID4xMWI,Nowoczesny apartament 64 m² – Stare Miasto w pełni umeblowany,Świętej Gertrudy 17,64.0,4700,,https://www.otodom.pl/pl/oferta/nowoczesny-apartament-64-m-stare-miasto-w-pelni-umeblowany-ID4xMWI,50.0556588,19.9403315,Stare Miasto
ID4xEL8,Mieszkanie z GARAŻEM – IDEALNE DLA PARY – Ruczaj,Raciborska,52.25,2900,,https://www.otodom.pl/pl/oferta/mieszkanie-z-garazem-idealne-dla-pary-ruczaj-ID4xEL8,50.0201552,19.9064666,Dębniki
ID4vHt3,30m po remoncie ul. Ostatnia,Ostatnia,30.0,2400,,https://www.otodom.pl/pl/oferta/30m-po-remoncie-ul-ostatnia-ID4vHt3,50.0696871,19.9776003,Prądnik Czerwony
ID4v4dH,Kawalerka na Starej Krowodrzy,Iwona Odrowąża,20.0,2500,200.0,https://www.otodom.pl/pl/oferta/kawalerka-na-starej-krowodrzy-ID4v4dH,50.0781342,19.9329957,Krowodrza
ID4xutc,2 Pokoje Ul.Dobrego Pasterza 40m2 + balkon,Dobrego Pasterza,40.0,2650,550.0,https://www.otodom.pl/pl/oferta/2-pokoje-ul-dobrego-pasterza-40m2-balkon-ID4xutc,50.0900803,19.9818047,Prądnik Czerwony
ID4xnvR,3 Pokoje w Angel Wawel 57m2 Ul.Sukiennicza,Sukiennicza,57.0,4800,1500.0,https://www.otodom.pl/pl/oferta/3-pokoje-w-angel-wawel-57m2-ul-sukiennicza-ID4xnvR,50.0513274,19.9379436,Stare Miasto
ID4xMSX,"Wyjątkowy, nowy apartament w sercu Starego Miasta",Studencka,200.0,20000,1000.0,https://www.otodom.pl/pl/oferta/wyjatkowy-nowy-apartament-w-sercu-starego-miasta-ID4xMSX,50.0624497,19.9290222,Stare Miasto
ID4xMSk,Kawalerka na 9piętrze z widokiem na zieleń-tramwaj,Stańczyka,30.0,2550,,https://www.otodom.pl/pl/oferta/kawalerka-na-9pietrze-z-widokiem-na-zielen-tramwaj-ID4xMSk,50.078539,19.8935213,Bronowice
ID4x5vx,Od 01.09| BEZ PROWIZJI | PIĘKNE | Rakowicka |3 pok.| klima | ENG|,Rakowicka,78.0,5550,1100.0,https://www.otodom.pl/pl/oferta/od-01-09-bez-prowizji-piekne-rakowicka-3-pok-klima-eng-ID4x5vx,50.0771319,19.9591349,Grzegórzki
ID4vgzw,"Nowe Studio z klimatyzacją, 0%prowizji",Juliusza Lea,28.0,2616,284.0,https://www.otodom.pl/pl/oferta/nowe-studio-z-klimatyzacja-0-prowizji-ID4vgzw,50.0712407,19.914311,Krowodrza
ID4xvwD,"3 pokoje + ogród, Zielony Mercedes 2x Pryw parking",Odlewnicza,58.45,4200,233.0,https://www.otodom.pl/pl/oferta/3-pokoje-ogrod-zielony-mercedes-2x-pryw-parking-ID4xvwD,50.0708202,19.8901505,Krowodrza
ID4vgzD,"Komfortowe studio z klimatyzacją, Tv, 0% prowizji",Juliusza Lea,33.0,2767,333.0,https://www.otodom.pl/pl/oferta/komfortowe-studio-z-klimatyzacja-tv-0-prowizji-ID4vgzD,50.0712407,19.914311,Krowodrza
ID4xEGp,"Mieszkanie, 41,60 m², Kraków",Marii Dąbrowskiej,41.6,2900,680.0,https://www.otodom.pl/pl/oferta/mieszkanie-41-60-m-krakow-ID4xEGp,50.074065,20.0121616,Czyżyny
ID4xMPH,"3-pokojowe, ul. Romanowicza, Zabłocie",Tadeusza Romanowicza,66.0,4900,870.0,https://www.otodom.pl/pl/oferta/3-pokojowe-ul-romanowicza-zablocie-ID4xMPH,50.0460493,19.9628442,Podgórze
ID4xvu5,"Tarasy Verona , Apartament z klimatyzacją i strefą fitness.",Kołowa,50.0,3300,894.0,https://www.otodom.pl/pl/oferta/tarasy-verona-apartament-z-klimatyzacja-i-strefa-fitness-ID4xvu5,50.071834,19.8984856,Bronowice
ID4xvtE,Wola Justowska / ul. Hamernia 56 / garaż i miejsce postojowe,Hamernia,125.0,6200,950.0,https://www.otodom.pl/pl/oferta/wola-justowska-ul-hamernia-56-garaz-i-miejsce-postojowe-ID4xvtE,50.0710201,19.8809697,Bronowice
ID4xDib,"2 osobne pok. z widną kuchnią i mjs. garażowym, ul. RYDLA, 75 m2",Lucjana Rydla,74.0,2950,900.0,https://www.otodom.pl/pl/oferta/2-osobne-pok-z-widna-kuchnia-i-mjs-garazowym-ul-rydla-75-m2-ID4xDib,50.081287,19.9044863,Bronowice
ID4xMP2,Muzyków Snycerska Prokocim,Muzyków,37.0,2000,,https://www.otodom.pl/pl/oferta/muzykow-snycerska-prokocim-ID4xMP2,50.0209837,19.9937564,Bieżanów-Prokocim
ID4x7Te,"Wygodne, z miejscem postojowym i piwnicą.",Starego Dębu,60.0,3300,900.0,https://www.otodom.pl/pl/oferta/wygodne-z-miejscem-postojowym-i-piwnica-ID4x7Te,50.1015892,19.8683179,Prądnik Biały
ID4xwJ4,Klimatyzowane 2 Pok Blisko Centrum Zabłocie,Stanisława Klimeckiego,39.0,2900,550.0,https://www.otodom.pl/pl/oferta/klimatyzowane-2-pok-blisko-centrum-zablocie-ID4xwJ4,50.0461729,19.9722375,Podgórze
ID4fZyN,Przybyszewskiego- Ekopark- Penthouse - 80M2,Stanisława Przybyszewskiego,80.0,5900,900.0,https://www.otodom.pl/pl/oferta/przybyszewskiego-ekopark-penthouse-80m2-ID4fZyN,50.0690559,19.8946587,Krowodrza
ID4xMNs,Przytulne mieszkanie 2 pok. obok prestiżowej Fabrycznej 13,Fabryczna,36.0,3600,710.0,https://www.otodom.pl/pl/oferta/przytulne-mieszkanie-2-pok-obok-prestizowej-fabrycznej-13-ID4xMNs,50.0633734,19.9728021,Grzegórzki
ID4xMNa,Kawalerka na Krowodrzy | Klima | Ogrzewanie podłogowe | 3200 all in,Józefa Wybickiego,31.0,2600,600.0,https://www.otodom.pl/pl/oferta/kawalerka-na-krowodrzy-klima-ogrzewanie-podlogowe-3200-all-in-ID4xMNa,50.0825746,19.9201178,Prądnik Biały
ID4xMN4,"Kawalerka 24m2 - Stare Dębniki, Dębowa",Dębowa,24.0,1400,420.0,https://www.otodom.pl/pl/oferta/kawalerka-24m2-stare-debniki-debowa-ID4xMN4,50.0476547,19.9268955,Dębniki
ID4fZdi,"Apartament 3 pokoje na Zabłociu! Widok na Wisłę, Bez Prowizji.",Zabłocie,54.0,5500,800.0,https://www.otodom.pl/pl/oferta/apartament-3-pokoje-na-zablociu-widok-na-wisle-bez-prowizji-ID4fZdi,50.0510909,19.9735024,Podgórze
ID4xMMU,"Od 1.10, 2 pokoje, Biprostal, Krowodrza",al. Kijowska,53.0,2700,775.0,https://www.otodom.pl/pl/oferta/od-1-10-2-pokoje-biprostal-krowodrza-ID4xMMU,50.0727635,19.9154267,Krowodrza
ID4xMMO,"3pok.+kuchnia, ul. Widok, Dąbie",Widok,58.0,3500,890.0,https://www.otodom.pl/pl/oferta/3pok-kuchnia-ul-widok-dabie-ID4xMMO,50.0773573,19.8906798,Bronowice
ID4xMMP,"Przestronne 2pok. 65m2, Karmelicka, Stare Miasto!",Karmelickiej,65.0,2800,,https://www.otodom.pl/pl/oferta/przestronne-2pok-65m2-karmelicka-stare-miasto-ID4xMMP,50.0685153,19.9271644,Stare Miasto
ID4xMMM,Nowe studio przy Agh ul. Szymanowskiego Eng,Szymanowskiego,27.0,2800,,https://www.otodom.pl/pl/oferta/nowe-studio-przy-agh-ul-szymanowskiego-eng-ID4xMMM,50.0677093,19.9231487,Krowodrza
ID4xMMJ,"4pok, 87m2 ul. Schweitzera Bieżanów/Prokocim/Rżąka",Schweitzera Bieżanów,87.0,4500,1010.0,https://www.otodom.pl/pl/oferta/4pok-87m2-ul-schweitzera-biezanow-prokocim-rzaka-ID4xMMJ,50.0051363,20.009349,Bieżanów-Prokocim
ID4xMMC,Podgórze Duchackiej Mochnackiego kawalerka 16 m2,Maurycego Mochnackiego,16.0,1200,500.0,https://www.otodom.pl/pl/oferta/podgorze-duchackiej-mochnackiego-kawalerka-16-m2-ID4xMMC,50.0242924,19.9631473,Podgórze Duchackie
ID4xMoF,Stylowe Mieszkanie 2 Pokoje 40m2 Nadwiślańska 11 Stare Miasto Kraków,pl. Bohaterów Getta,40.0,4000,915.0,https://www.otodom.pl/pl/oferta/stylowe-mieszkanie-2-pokoje-40m2-nadwislanska-11-stare-miasto-krakow-ID4xMoF,50.0467762,19.9544056,Podgórze
ID4v4Mj,Apartament /2-pok/duży ogród/ komórka lok/garaż/Małe Błonia,Stanisława Przybyszewskiego,51.0,4000,580.0,https://www.otodom.pl/pl/oferta/apartament-2-pok-duzy-ogrod-komorka-lok-garaz-male-blonia-ID4v4Mj,50.0690559,19.8946587,Krowodrza
ID4dzvZ,Klimatyczne i przestronne mieszkanie w centrum,Generała Józefa Dwernickiego,37.0,2600,560.0,https://www.otodom.pl/pl/oferta/klimatyczne-i-przestronne-mieszkanie-w-centrum-ID4dzvZ,50.0594781,19.9487705,Grzegórzki
ID4xMMv,"3pok,107m2, taras, garaż, kom lok, ul. Ludwinowska",Ludwinowska,107.0,8500,1400.0,https://www.otodom.pl/pl/oferta/3pok-107m2-taras-garaz-kom-lok-ul-ludwinowska-ID4xMMv,50.0427979,19.9354711,Dębniki
ID4xMMw,"4pok., 100m2, na Starym Mieście, Nowy Kleparz! Eng",Helclów,100.0,4200,,https://www.otodom.pl/pl/oferta/4pok-100m2-na-starym-miescie-nowy-kleparz-eng-ID4xMMw,50.0723299,19.9375874,Stare Miasto
ID4xBxa,"Jednopokojowe mieszkanie 38 m², ul. Dąbska 18k – dostępne od września",Dąbska 18,38.0,2550,470.0,https://www.otodom.pl/pl/oferta/jednopokojowe-mieszkanie-38-m-ul-dabska-18k-dostepne-od-wrzesnia-ID4xBxa,50.0672845,19.9841237,Grzegórzki
ID4xMLM,"do wynajęcia 2-pokojowe mieszkanie, Kurdwanów 53m2",Marii,53.0,2300,700.0,https://www.otodom.pl/pl/oferta/do-wynajecia-2-pokojowe-mieszkanie-kurdwanow-53m2-ID4xMLM,50.0544753,19.9352313,Stare Miasto
ID4xMLx,"Nowe, przestronne 3-pok. z garderobą na Podgórzu. Bezpośrednio",Myśliwska,66.0,4900,800.0,https://www.otodom.pl/pl/oferta/nowe-przestronne-3-pok-z-garderoba-na-podgorzu-bezposrednio-ID4xMLx,50.0449717,19.99983,Podgórze
ID4xKHQ,"2200 zł z garażem, Ruczaj-Torfowa. 49m. Niezłe !",Torfowa,49.0,2200,,https://www.otodom.pl/pl/oferta/2200-zl-z-garazem-ruczaj-torfowa-49m-niezle-ID4xKHQ,50.017646,19.9089137,Dębniki
ID4xCX4,"Nowe 2-pokojowe mieszkanie (ul. Banacha, Kraków)",Stefana Banacha,37.5,2800,540.0,https://www.otodom.pl/pl/oferta/nowe-2-pokojowe-mieszkanie-ul-banacha-krakow-ID4xCX4,50.1027231,19.9518239,Prądnik Biały
ID4vGRY,Kawalerka z aneksem sypialnym do wynajęcia w Bronowicach,Lucjana Rydla,41.3,2500,700.0,https://www.otodom.pl/pl/oferta/kawalerka-z-aneksem-sypialnym-do-wynajecia-w-bronowicach-ID4vGRY,50.081287,19.9044863,Bronowice
ID4xMKU,"3 osobne pokoje, spokojna okolica - G. Morcinka",Gustawa Morcinka,65.0,2400,1200.0,https://www.otodom.pl/pl/oferta/3-osobne-pokoje-spokojna-okolica-g-morcinka-ID4xMKU,50.1041258,20.0682288,Wzgórza Krzesławickie
ID4xF7O,Zamieszkaj ekskluzywnie w Wiślanych Tarasach,Grzegórzecka,68.6,5000,,https://www.otodom.pl/pl/oferta/zamieszkaj-ekskluzywnie-w-wislanych-tarasach-ID4xF7O,50.0585485,19.9537291,Grzegórzki
ID4xMJY,"Apartament premium na Bronowicach - Brązownicza, Armii Krajowej",Brązownicza,56.5,4500,650.0,https://www.otodom.pl/pl/oferta/apartament-premium-na-bronowicach-brazownicza-armii-krajowej-ID4xMJY,50.0689862,19.892229,Krowodrza
ID4xMJW,Kazimierz | Trynitarska | 4 pok | Klima | Centrum,Trynitarska,93.0,8500,1200.0,https://www.otodom.pl/pl/oferta/kazimierz-trynitarska-4-pok-klima-centrum-ID4xMJW,50.0479056,19.9466945,Stare Miasto
ID4xMJQ,Krowodrza | Kazimierza Wielkiego | 3 pok | Nowe,Kazimierza Wielkiego,44.0,4340,380.0,https://www.otodom.pl/pl/oferta/krowodrza-kazimierza-wielkiego-3-pok-nowe-ID4xMJQ,50.0747617,19.9132127,Krowodrza
ID4xMJJ,2 pokoje | Balkon | Klimatyzacja | Nowe,Pułkownika Pilota Stefana Łaszkiewicza,52.6,3900,800.0,https://www.otodom.pl/pl/oferta/2-pokoje-balkon-klimatyzacja-nowe-ID4xMJJ,50.0693906,19.9755833,Prądnik Czerwony
ID4xtU5,Nowoczesne 2 pokojowe mieszkanie - 55 m2,Poznańska,55.0,3100,1124.0,https://www.otodom.pl/pl/oferta/nowoczesne-2-pokojowe-mieszkanie-55-m2-ID4xtU5,50.078053,19.9249645,Krowodrza
ID4xlTi,3-pokojowe mieszkanie po remoncie | Parter z balkonem | Kazimierz,al. Ignacego Daszyńskiego,69.0,4500,1000.0,https://www.otodom.pl/pl/oferta/3-pokojowe-mieszkanie-po-remoncie-parter-z-balkonem-kazimierz-ID4xlTi,50.0536967,19.9537444,Grzegórzki
ID4xMJv,Nowe 2 pokoje | klimatyzacja | parking | Wiślane Tarasy 2.0,Grzegórzecka,48.0,4200,500.0,https://www.otodom.pl/pl/oferta/nowe-2-pokoje-klimatyzacja-parking-wislane-tarasy-2-0-ID4xMJv,50.0585485,19.9537291,Grzegórzki
ID4i4Xq,Mieszkanie z ogrodem przy ul. Kopernika,Mikołaja Kopernika,34.0,3100,760.0,https://www.otodom.pl/pl/oferta/mieszkanie-z-ogrodem-przy-ul-kopernika-ID4i4Xq,50.0620817,19.9494954,Grzegórzki
ID4xa0a,"Przestronne mieszkanie - Zabłocie, Pasaż Podgórski",Tadeusza Romanowicza,65.0,4700,,https://www.otodom.pl/pl/oferta/przestronnemieszkanie-zablocie-pasaz-podgorski-ID4xa0a,50.0460493,19.9628442,Podgórze
ID4kYBW,Widok na Wawel balkon 2 miejsca postojowe,rynek Dębnicki,90.0,7500,,https://www.otodom.pl/pl/oferta/widok-na-wawel-balkon2-miejsca-postojowe-ID4kYBW,50.0516925,19.9269812,Dębniki
ID4xvf8,Bez prowizji | 2-pokojowe mieszkanie | Bagry,Bagrowej 6,38.66,2530,970.0,https://www.otodom.pl/pl/oferta/bez-prowizji-2-pokojowe-mieszkanie-bagry-ID4xvf8,50.0381689,20.001655,Podgórze
ID4xEvh,Mieszkanie 2 pokojewe z ogrodkiem i parkingiem,Storczykowa,44.0,3500,600.0,https://www.otodom.pl/pl/oferta/mieszkanie-2-pokojewe-z-ogrodkiem-i-parkingiem-ID4xEvh,50.0119821,19.9472137,Podgórze Duchackie
ID4xMHd,Przytulne m2 Klimatyzacja Ogródek 40 m2 Od Września,Dobrego Pasterza,40.0,3000,650.0,https://www.otodom.pl/pl/oferta/przytulne-m2-klimatyzacja-ogrodek-40-m2-od-wrzesnia-ID4xMHd,50.0900803,19.9818047,Prądnik Czerwony
ID4xMHe,"Przestronne 4-pokoje, 90 m² | Garaż",Chmieleniec,90.0,4800,1350.0,https://www.otodom.pl/pl/oferta/przestronne-4-pokoje-90-m-garaz-ID4xMHe,50.0195788,19.8974475,Dębniki
ID4xK3S,Płaszów | Lasówka | 3 pok. | klima | balkon |,Lasówka,67.0,5500,850.0,https://www.otodom.pl/pl/oferta/plaszow-lasowka-3-pok-klima-balkon-ID4xK3S,50.0404753,20.0151209,Podgórze
ID4xMxE,"Bezpośrednio,śliczna kawalerka dla singla/pary, Bronowice,od 1.09.2025",Armii Krajowej,24.0,2600,520.0,https://www.otodom.pl/pl/oferta/bezposrednio-sliczna-kawalerka-dla-singla-pary-bronowice-od-1-09-2025-ID4xMxE,50.0767177,19.8890406,Bronowice
ID4xMFm,"jednopokojowe z sypialnią, po remoncie, Prądnik Czerwony, Na Barciach",Na Barciach,35.0,2100,635.0,https://www.otodom.pl/pl/oferta/jednopokojowe-z-sypialnia-po-remoncie-pradnik-czerwony-na-barciach-ID4xMFm,50.0916208,19.9620029,Prądnik Czerwony
ID4xMEo,Kameralne wygodne studio blisko centrum.,Komandosów,24.0,2500,330.0,https://www.otodom.pl/pl/oferta/kameralne-wygodne-studio-blisko-centrum-ID4xMEo,50.0438439,19.9305649,Dębniki
ID4xME6,Kraków – Olsza – ul. Sadzawki,Sadzawki,23.0,1800,350.0,https://www.otodom.pl/pl/oferta/krakow-olsza-ul-sadzawki-ID4xME6,50.0824332,19.9745206,Prądnik Czerwony
ID4xMDx,Browar Lubicz| 60 m2 | 2 pok. + balkon | garaż,Lubicz 17F,60.0,4500,,https://www.otodom.pl/pl/oferta/browar-lubicz-60-m2-2-pok-balkon-garaz-ID4xMDx,50.0641321,19.9485613,Grzegórzki
ID4xMDa,Ładne 2 pokojowe! Duży Taras! Od Zaraz! [eng] - Tarasowce,Dobrego Pasterza 118,50.0,3000,900.0,https://www.otodom.pl/pl/oferta/ladne-2-pokojowe-duzy-taras-od-zaraz-eng-tarasowce-ID4xMDa,50.0879805,19.9763019,Prądnik Czerwony
ID44iFR,2 pok.(oddzielne)Krowodrza Azory z widok Panorama Krakowa i Wewel,Opolskiej,42.0,2300,790.0,https://www.otodom.pl/pl/oferta/2-pok-oddzielnekrowodrza-azory-z-widok-panorama-krakowa-i-wewel-ID44iFR,50.0876507,19.9481862,Prądnik Biały
ID4xDwj,"Nowe,ekskluzywne mieszkanie wykonczone w wysokim standardzie w centrum",Kujawska,49.0,4500,900.0,https://www.otodom.pl/pl/oferta/nowe-ekskluzywne-mieszkanie-wykonczone-w-wysokim-standardzie-w-centrum-ID4xDwj,50.0727808,19.9227744,Krowodrza
ID4xIS0,Duże/ 3 pok./ 2 miejsca post./ Komórka/En/ Ukr,Pułkownika Francesco Nullo,70.0,5200,1100.0,https://www.otodom.pl/pl/oferta/duze-3-pok-2-miejsca-post-komorka-en-ukr-ID4xIS0,50.0598032,19.9673887,Grzegórzki
ID4rQCK,Kawalerka na os. Handlowym,os. Handlowe,26.0,2100,600.0,https://www.otodom.pl/pl/oferta/kawalerka-na-os-handlowym-ID4rQCK,50.0738253,20.0315597,Nowa Huta
ID4laFA,Bronowice Stańczyka 3 pok loggia widok,Stańczyka,50.0,3900,770.0,https://www.otodom.pl/pl/oferta/bronowice-stanczyka-3-pok-loggia-widok-ID4laFA,50.078539,19.8935213,Bronowice
ID4jKX3,Mieszkanie 3-pokojowe na stylowym poddaszu,Władysława Żeleńskiego,47.0,2800,700.0,https://www.otodom.pl/pl/oferta/mieszkanie-3-pokojowe-na-stylowym-poddaszu-ID4jKX3,50.0885234,19.878812,Bronowice
ID4qgzy,Mieszkanie 30 mkw ( Studio flat ) Grzegórzecka 43,Grzegórzecka,30.0,2100,494.0,https://www.otodom.pl/pl/oferta/mieszkanie-30-mkw-studio-flat-grzegorzecka-43-ID4qgzy,50.0585485,19.9537291,Grzegórzki
ID4xMc0,Kawalerka,Czarnowiejska,26.0,2350,75.0,https://www.otodom.pl/pl/oferta/kawalerka-ID4xMc0,50.0655483,19.9259806,Stare Miasto
ID4xLVN,Mieszkanie do wynajecia - Stare Miasto - Bez Pośredników!!!,Józefa Dietla,33.0,2800,500.0,https://www.otodom.pl/pl/oferta/mieszkanie-do-wynajecia-stare-miasto-bez-posrednikow-ID4xLVN,50.0559679,19.9447093,Stare Miasto
ID4xHtP,2 Oddzielne Pokoje | Bez Prowizji | Pets Friendly | Od Zaraz,Przyjaźni Polsko-Węgierskiej 6A,37.5,2860,700.0,https://www.otodom.pl/pl/oferta/2-oddzielne-pokoje-bez-prowizji-pets-friendly-od-zaraz-ID4xHtP,50.0276243,19.9454062,Podgórze Duchackie
ID4xDUU,Bez prowizji! Funkcjonalne 2-pokojowe mieszkanie!,Dajwór 8,52.62,4450,1370.0,https://www.otodom.pl/pl/oferta/bez-prowizji-funkcjonalne-2-pokojowe-mieszkanie-ID4xDUU,50.0516853,19.9494114,Stare Miasto
ID4xMBu,"Do wynajęcia 2-pokojowe mieszkanie, ul. Fabryczna",Fabryczna,38.0,3500,500.0,https://www.otodom.pl/pl/oferta/do-wynajecia-2-pokojowe-mieszkanie-ul-fabryczna-ID4xMBu,50.0633734,19.9728021,Grzegórzki
ID4xMBt,"UL. GRZEGÓRZECKA: kawalerka, Wiślane Tarasy, balkon, studio",Grzegórzecka,32.0,2300,520.0,https://www.otodom.pl/pl/oferta/ul-grzegorzecka-kawalerka-wislane-tarasy-balkon-studio-ID4xMBt,50.0585485,19.9537291,Grzegórzki
ID4xMAL,"50m2,2pokoje-parking,balkon,Prądnik Czerwony,UR,S7",al. 29 Listopada,50.0,2800,800.0,https://www.otodom.pl/pl/oferta/50m2-2pokoje-parking-balkon-pradnik-czerwony-ur-s7-ID4xMAL,50.0824293,19.9520033,Prądnik Czerwony
ID4kfMe,"3-pokoje, Macedońska, 2 miejsca postojowe, balkon, wolne od 1.09.2025",Macedońska,53.0,3400,850.0,https://www.otodom.pl/pl/oferta/3-pokoje-macedonska-2-miejsca-postojowe-balkon-wolne-od-1-09-2025-ID4kfMe,50.0225627,19.9692833,Podgórze Duchackie
ID4xMA8,Eleganckie mieszkanie do wynajęcia,Ślusarskiej,36.0,2960,300.0,https://www.otodom.pl/pl/oferta/eleganckie-mieszkanie-do-wynajecia-ID4xMA8,50.0493987,19.9621229,Podgórze
ID4xMAa,Dwupoziowe mieszkanie na Starym Podgórzu | 103 m²,bulwary Wiślane,103.91,8700,1700.0,https://www.otodom.pl/pl/oferta/dwupoziowe-mieszkanie-na-starym-podgorzu-103-m-ID4xMAa,,,
ID4xH9A,Przytulne studio |Wola Justowska |54 mkw |od zaraz,Królowej Jadwigi,54.0,2600,,https://www.otodom.pl/pl/oferta/przytulne-studio-wola-justowska-54-mkw-od-zaraz-ID4xH9A,50.0606518,19.8925672,Zwierzyniec
ID4x7Dy,Kawalerka z antresola | Krowodrza | Wrocławska,Lubelska,35.0,2600,700.0,https://www.otodom.pl/pl/oferta/kawalerka-z-antresola-krowodrza-wroclawska-ID4x7Dy,50.0744081,19.9345323,Krowodrza
ID4vw5S,"Kawalerka z siłownią, co-workingiem i ochroną w cenie!",al. 29 Listopada 98,16.0,1900,550.0,https://www.otodom.pl/pl/oferta/kawalerka-z-silownia-co-workingiem-i-ochrona-w-cenie-ID4vw5S,50.0824293,19.9520033,Prądnik Czerwony
ID4vw9W,Studio dwuosobowe z kuchnią i łazienką w nowoczesnym akademiku!,al. 29 Listopada 98,24.0,1500,300.0,https://www.otodom.pl/pl/oferta/studio-dwuosobowe-z-kuchnia-i-lazienka-w-nowoczesnym-akademiku-ID4vw9W,50.0824293,19.9520033,Prądnik Czerwony
ID4xMz1,Kraków/ Lea/ 3 pokojowe + niezależna kuchnia 56m2,Juliusza Lea,56.3,3200,1250.0,https://www.otodom.pl/pl/oferta/krakow-lea-3-pokojowe-niezalezna-kuchnia-56m2-ID4xMz1,50.0712407,19.914311,Krowodrza
ID4xMxM,Nowe mieszkanie 90m2 z 3 sypialniami przy ul. Ślicznej 36a,Śliczna,90.0,6200,850.0,https://www.otodom.pl/pl/oferta/nowe-mieszkanie-90m2-z-3-sypialniami-przy-ul-slicznej-36a-ID4xMxM,50.0741955,19.975605,Prądnik Czerwony
ID3p7ok,"Downtown, 2bed, 100sqm, Retoryka street Bisc",Retoryka,100.0,5500,500.0,https://www.otodom.pl/pl/oferta/downtown-2bed-100sqm-retoryka-street-bisc-ID3p7ok,50.0580552,19.9284142,Stare Miasto
ID4vJeh,Lux 2 pokoje + kuchnia! Celna/ Kalwaryjska/ Korona,Kalwaryjska,66.0,3400,500.0,https://www.otodom.pl/pl/oferta/lux-2-pokoje-kuchnia-celna-kalwaryjska-korona-ID4vJeh,50.0383571,19.9413361,Podgórze
ID4uKZy,"Kawalerka w CENTRUM | Siłownia, co-work, ochrona, wszystko w cenie!",Wita Stwosza,16.0,2590,,https://www.otodom.pl/pl/oferta/kawalerka-w-centrum-silownia-co-work-ochrona-wszystko-w-cenie-ID4uKZy,50.0697761,19.9492068,Stare Miasto
ID4xMv3,"Mieszkanie 2-pokojowe z balkonem, 49m2, ul. Bociana, Prądnik Biały",Bociana,49.0,3000,650.0,https://www.otodom.pl/pl/oferta/mieszkanie-2-pokojowe-z-balkonem-49m2-ul-bociana-pradnik-bialy-ID4xMv3,50.0930197,19.9563121,Prądnik Biały
ID3LqIQ,Mieszkanie w centrum Krakowa,Ariańska 6,34.0,3300,500.0,https://www.otodom.pl/pl/oferta/mieszkanie-w-centrum-krakowa-ID3LqIQ,50.0660511,19.9542301,Grzegórzki
ID4xMw5,Stare Podgórze / studio w nowoczesnej kamienicy z windą,Węgierska,23.0,2000,590.0,https://www.otodom.pl/pl/oferta/stare-podgorze-studio-w-nowoczesnej-kamienicy-z-winda-ID4xMw5,50.0442752,19.9510015,Podgórze
ID4rWUx,"Mieszkanie 2-pokoje,ul. Bajeczna, Grzegórzki+garaż",Bajeczna,45.0,3100,800.0,https://www.otodom.pl/pl/oferta/mieszkanie-2-pokoje-ul-bajeczna-grzegorzki-garaz-ID4rWUx,50.0575031,19.9764216,Grzegórzki
ID4gk9T,Wynajmę mieszkanie 55m2 w ładnej okolicy,Republiki Korczakowskiej,55.0,3300,,https://www.otodom.pl/pl/oferta/wynajme-mieszkanie-55m2-w-ladnej-okolicy-ID4gk9T,50.0166021,20.0012426,Bieżanów-Prokocim
ID4xM3M,"3 pokojowe -56m2- winda, miejsce postojowe, blok z 2020r.",Generała Bolesława Roi,55.0,3700,750.0,https://www.otodom.pl/pl/oferta/3-pokojowe-56m2-winda-miejsce-postojowe-blok-z-2020r-ID4xM3M,50.0209786,19.9521016,Podgórze Duchackie
ID4xMtS,Z widokiem na Wawel | Taras | 60m2 | 3 pok,Aleksandra Fredry,62.07,3500,1000.0,https://www.otodom.pl/pl/oferta/z-widokiem-na-wawel-taras-60m2-3-pok-ID4xMtS,50.0189209,19.9427979,Łagiewniki-Borek Fałęcki
ID4xIJT,"Dwa pokoje lub pokój do wynajęcia – Śródmieście, Dąbie, Na Szaniec",Na Szaniec,44.5,2600,669.0,https://www.otodom.pl/pl/oferta/dwa-pokoje-lub-pokoj-do-wynajecia-srodmiescie-dabie-na-szaniec-ID4xIJT,50.0586492,19.9788516,Grzegórzki
ID4xMsL,Do wynajęcia mieszkanie 3-pokoje 62m2 Ul. Myśliwska Podgórze/Płaszów,Myśliwska,62.0,3200,830.0,https://www.otodom.pl/pl/oferta/do-wynajecia-mieszkanie-3-pokoje-62m2-ul-mysliwska-podgorze-plaszow-ID4xMsL,50.0449717,19.99983,Podgórze
ID4xMr6,Komfortowe mieszkanie z antresolą | Zakrzówek |,Zakrzowiecka,52.0,3000,,https://www.otodom.pl/pl/oferta/komfortowe-mieszkanie-z-antresola-zakrzowek-ID4xMr6,50.0311246,19.8954987,Dębniki
ID4st1K,"Nad Sudołem 18- 2 pokoje + kuchnia, Opolska, cozy",Nad Sudołem,40.0,2400,450.0,https://www.otodom.pl/pl/oferta/nad-sudolem-18-2-pokoje-kuchnia-opolska-cozy-ID4st1K,50.0922434,19.9261601,Prądnik Biały
ID4xnjM,"Eng| Plac Wolnica, 88 m2, 3 pokoje, od września",pl. Wolnica,88.0,3500,1000.0,https://www.otodom.pl/pl/oferta/eng-plac-wolnica-88-m2-3-pokoje-od-wrzesnia-ID4xnjM,50.0487892,19.9441159,Stare Miasto
ID4xMoX,PL / UA / EN | 4 Pokoje | Klimatyzacja,Aleksandra Fredry,80.0,4990,780.0,https://www.otodom.pl/pl/oferta/pl-ua-en-4-pokoje-klimatyzacja-ID4xMoX,50.0189209,19.9427979,Łagiewniki-Borek Fałęcki
ID4xvjA,Bez prowizji - 2 pokoje - ul. Bunscha,Bunscha,39.61,2890,810.0,https://www.otodom.pl/pl/oferta/bez-prowizji-2-pokoje-ul-bunscha-ID4xvjA,50.012915,19.8838346,Dębniki
ID4xdMe,Bez prowizji! Luksusowa kawalerka | Kazimierz,Dajwór 8,35.89,3540,980.0,https://www.otodom.pl/pl/oferta/bez-prowizji-luksusowa-kawalerka-kazimierz-ID4xdMe,50.0516853,19.9494114,Stare Miasto
ID4c3iM,2 POKOJE + KUCHNIA| 1 minuta do Tramwaju | Ciche | Klima | Zabłocie 35,Zabłocie,38.0,3500,530.0,https://www.otodom.pl/pl/oferta/2-pokoje-kuchnia-1-minuta-do-tramwaju-ciche-klima-zablocie-35-ID4c3iM,50.0510909,19.9735024,Podgórze
ID4xM7Y,"Do wynajęcia mieszkanie – ul. Gliniana 7, Kraków (Płaszów)",Gliniana,67.0,3000,1200.0,https://www.otodom.pl/pl/oferta/do-wynajecia-mieszkanie-ul-gliniana-7-krakow-plaszow-ID4xM7Y,50.0350075,19.9941975,Podgórze
ID4xLrd,Studio | Pets Friendly| Przyjaźni Polsko-Węgierskiej,os. Resi4Rent,25.32,2000,650.0,https://www.otodom.pl/pl/oferta/studio-pets-friendly-przyjazni-polsko-wegierskiej-ID4xLrd,,,
ID4kwcK,Wynajmę kawalerkę z osobną kuchnią i garderobą od października 2025,Księcia Józefa,32.0,2000,600.0,https://www.otodom.pl/pl/oferta/wynajme-kawalerke-z-osobna-kuchnia-i-garderoba-od-pazdziernika-2025-ID4kwcK,50.0486303,19.9038872,Zwierzyniec
ID4sgTr,2-pokojowe 30m2 na Mistrzejowicach bez pośredników,os. Tysiąclecia,30.0,2500,420.0,https://www.otodom.pl/pl/oferta/2-pokojowe-30m2-na-mistrzejowicach-bez-posrednikow-ID4sgTr,50.0917147,20.0012344,Mistrzejowice
ID4xI5E,Ul. Ostatnia | 3 Pok. | Klimatyzowane | Prywatnie - bez prowizji | ENG,Ostatnia,50.0,3900,760.0,https://www.otodom.pl/pl/oferta/ul-ostatnia-3-pok-klimatyzowane-prywatnie-bez-prowizji-eng-ID4xI5E,50.0696871,19.9776003,Prądnik Czerwony
ID4xMoB,Przytulna kawalerka tuż przy Rondzie Kocmyrzowskim,os. Teatralne,29.05,2100,451.0,https://www.otodom.pl/pl/oferta/przytulna-kawalerka-tuz-przy-rondzie-kocmyrzowskim-ID4xMoB,50.0795729,20.0318863,Nowa Huta
ID4xMnO,"2 pokojowe w dobrym standardzie, duży balkon, winda!",Bociana,48.0,3000,770.0,https://www.otodom.pl/pl/oferta/2-pokojowe-w-dobrym-standardzie-duzy-balkon-winda-ID4xMnO,50.0930197,19.9563121,Prądnik Biały
ID4xIds,"3 osobne pokoje, jasna kuchnia, od września",Henryka Pachońskiego,60.0,3200,1070.0,https://www.otodom.pl/pl/oferta/3-osobne-pokoje-jasna-kuchnia-od-wrzesnia-ID4xIds,50.0952367,19.938985,Prądnik Biały
ID4xMjJ,"Zadbane 2pok. na Azorach, ul. Podkowińskiego Eng",Podkowińskiego,32.53,2700,,https://www.otodom.pl/pl/oferta/zadbane-2pok-na-azorach-ul-podkowinskiego-eng-ID4xMjJ,50.0850218,19.8949362,Prądnik Biały
ID4s6Iz,Mieszkanie 50m. 2 osobne pok. Przewóz 32A,Przewóz 32A,50.0,3500,850.0,https://www.otodom.pl/pl/oferta/mieszkanie-50m-2-osobne-pok-przewoz-32a-ID4s6Iz,50.0421055,19.9942088,Podgórze
ID4xMip,Nowoczesne 3-pokojowe mieszkanie – w sercu miasta,Ślusarskiej,65.0,4860,500.0,https://www.otodom.pl/pl/oferta/nowoczesne-3-pokojowe-mieszkanie-w-sercu-miasta-ID4xMip,50.0493987,19.9621229,Podgórze
ID4xzzz,Cena z czynszem i ogrzewaniem Płaszów Zabłocie Grzegórzki Kuklińskiego,Pułkownika Ryszarda Kuklińskiego,44.0,2600,1.0,https://www.otodom.pl/pl/oferta/cena-z-czynszem-i-ogrzewaniem-plaszow-zablocie-grzegorzki-kuklinskiego-ID4xzzz,50.0409131,19.9756945,Podgórze
ID4xMhQ,Komfortowy apartament przy Bulwarach i Wawelu,Barska,44.0,3450,600.0,https://www.otodom.pl/pl/oferta/komfortowy-apartament-przy-bulwarach-i-wawelu-ID4xMhQ,50.0464501,19.9331502,Dębniki
ID49Wkp,super studio! Angel Wawel basen SPA centrum KRK,Sukiennicza,30.0,2700,650.0,https://www.otodom.pl/pl/oferta/super-studio-angel-wawel-basen-spa-centrum-krk-ID49Wkp,50.0513274,19.9379436,Stare Miasto
ID4xMhh,2 oddzielne pokoje*Prokocim*46m2,Jana Kurczaba 16,46.0,2300,1000.0,https://www.otodom.pl/pl/oferta/2-oddzielne-pokojeprokocim46m2-ID4xMhh,50.011314,20.0080773,Bieżanów-Prokocim
ID4xMh9,Na wynajem/Apartament/Os. Europejskie/duży balkon/,Profesora Michała Bobrzyńskiego 39,54.0,2700,900.0,https://www.otodom.pl/pl/oferta/na-wynajem-apartament-os-europejskie-duzy-balkon-ID4xMh9,50.0170656,19.8931074,Dębniki
ID4xGmz,bez prowizji! Komfortowa kawalerka | Krowodrza,Czyżewskiego 5,32.86,2330,870.0,https://www.otodom.pl/pl/oferta/bez-prowizji-komfortowa-kawalerka-krowodrza-ID4xGmz,50.0810118,19.9142348,Krowodrza
ID4xdKT,Bez prowizji! 2 pokoje w wysokim standardzie,Dajwór 8,50.92,4750,1330.0,https://www.otodom.pl/pl/oferta/bez-prowizji-2-pokoje-w-wysokim-standardzie-ID4xdKT,50.0516853,19.9494114,Stare Miasto
ID4xvfT,Bez prowizji | 2-pokojowe mieszkanie z balkonem,Bagrowej 6,38.65,2530,970.0,https://www.otodom.pl/pl/oferta/bez-prowizji-2-pokojowe-mieszkanie-z-balkonem-ID4xvfT,50.0381689,20.001655,Podgórze
ID4xMgE,3 oddzielne pokoje*Długa*Dla Studentów*76m2,Długiej,76.0,4000,,https://www.otodom.pl/pl/oferta/3-oddzielne-pokojedlugadla-studentow76m2-ID4xMgE,50.0723797,19.9356634,Stare Miasto
ID4xMgy,Mieszkanie 2-pok. 43m2 Stare Miasto,Garncarska,43.0,3300,550.0,https://www.otodom.pl/pl/oferta/mieszkanie-2-pok-43m2-stare-miasto-ID4xMgy,50.0627945,19.927702,Stare Miasto
ID4vJF6,Luksusowe mieszkanie w sercu Kazimierza!,Św,32.0,3500,,https://www.otodom.pl/pl/oferta/luksusowe-mieszkanie-w-sercu-kazimierza-ID4vJF6,50.0686663,19.947802,Stare Miasto
ID4xG2K,Przestronne 2-pok. 52m2 | Lubostroń,Lubostroń,52.0,2650,700.0,https://www.otodom.pl/pl/oferta/przestronne-2-pok-52m2-lubostron-ID4xG2K,50.0164056,19.8896205,Dębniki
ID4xuWC,"Studio w Noble Residence z jacuzzi, sauną i ogrode",Smoleńsk,40.52,4000,940.0,https://www.otodom.pl/pl/oferta/studio-w-noble-residence-z-jacuzzi-sauna-i-ogrode-ID4xuWC,50.0587306,19.9289738,Stare Miasto
ID4ln6m,Mieszknie ul. Bagrowa,Bagrowa,39.0,3100,570.0,https://www.otodom.pl/pl/oferta/mieszknie-ul-bagrowa-ID4ln6m,50.0378536,20.0023774,Podgórze
ID4xMfQ,2 pokojowy apartament z balkon -Wiślane Tarasy 2.0,Grzegórzecka,45.0,4500,720.0,https://www.otodom.pl/pl/oferta/2-pokojowy-apartament-z-balkon-wislane-tarasy-2-0-ID4xMfQ,50.0585485,19.9537291,Grzegórzki
ID4xMeL,Na wynajem mieszkanie 30m² ul.Lea,Juliusza Lea,30.0,2800,800.0,https://www.otodom.pl/pl/oferta/na-wynajem-mieszkanie-30m-ul-lea-ID4xMeL,50.0712407,19.914311,Krowodrza
ID4xMe1,Kawalerka w centrum ul.Skarbińskiego !!!,Skarbińskiego,25.0,2000,550.0,https://www.otodom.pl/pl/oferta/kawalerka-w-centrum-ul-skarbinskiego-ID4xMe1,50.0707822,19.9103381,Krowodrza
ID4xMcR,"Mieszkanie z Tarasem, ul. Fabryczna!",Fabryczna,35.0,2900,520.0,https://www.otodom.pl/pl/oferta/mieszkanie-z-tarasem-ul-fabryczna-ID4xMcR,50.0633734,19.9728021,Grzegórzki
ID4xE1D,2 pokoje/Czyżyny/bez prowizji,al. JANA PAWŁA II,35.35,2820,,https://www.otodom.pl/pl/oferta/2-pokoje-czyzyny-bez-prowizji-ID4xE1D,50.072287,20.0300611,Nowa Huta
ID4xMaQ,3 pokojowe z garażem | Aleja 29-ego Listopada,al. 29 Listopada,45.1,2800,600.0,https://www.otodom.pl/pl/oferta/3-pokojowe-z-garazem-aleja-29-ego-listopada-ID4xMaQ,50.0824293,19.9520033,Prądnik Czerwony
ID4x8pC,Nowoczesna po remoncie kawalerka do wejścia! Os. Wysokie,os. Wysokie,25.0,2250,371.0,https://www.otodom.pl/pl/oferta/nowoczesna-po-remoncie-kawalerka-do-wejscia-os-wysokie-ID4x8pC,50.0893536,20.0195044,Bieńczyce
ID4xB9n,PL|RU|EN 2-pokojowe mieszkanie przy Wiśle i Bulwarach Wiślanych,Generała Tadeusza Kościuszki,40.0,3900,900.0,https://www.otodom.pl/pl/oferta/pl-ru-en-2-pokojowe-mieszkanie-przy-wisle-i-bulwarach-wislanych-ID4xB9n,,,
ID4xM9b,"2-pokojowe mieszkanie – 36 m², Kozłówek na. wynajem, dostępne od zaraz",Na Kozłówce,36.0,2400,712.0,https://www.otodom.pl/pl/oferta/2-pokojowe-mieszkanie-36-m-kozlowek-na-wynajem-dostepne-od-zaraz-ID4xM9b,50.0210945,19.9777379,Bieżanów-Prokocim
ID4uKwb,Do wynajęcia mieszkanie! Kraków | Grzegórzki,Grzegórzecka 67,68.0,3600,920.0,https://www.otodom.pl/pl/oferta/do-wynajecia-mieszkanie-krakow-grzegorzki-ID4uKwb,50.0569347,19.9599992,Grzegórzki
ID4xM8P,Klimatyczna Kawalerka z os. kuchnią Philip Morris,os. Centrum,35.0,2100,410.0,https://www.otodom.pl/pl/oferta/klimatyczna-kawalerka-z-os-kuchnia-philip-morris-ID4xM8P,50.0739781,20.0400613,Nowa Huta
ID4xM8N,"Centrum, z balkonem, nowe, niskie opłaty",Mazowiecka,20.0,1900,250.0,https://www.otodom.pl/pl/oferta/centrum-z-balkonem-nowe-niskie-oplaty-ID4xM8N,50.0736842,19.9295289,Krowodrza
ID4xM8K,"Mieszkanie na wynajem, Kazimierz!",Skawińskiej,30.0,2700,,https://www.otodom.pl/pl/oferta/mieszkanie-na-wynajem-kazimierz-ID4xM8K,49.9719761,19.8257914,
ID4xM8L,Mieszkanie do wynajęcia na Kazimierzu!,Gazowej,33.0,2600,,https://www.otodom.pl/pl/oferta/mieszkanie-do-wynajecia-na-kazimierzu-ID4xM8L,50.0488474,19.9466917,Stare Miasto
ID4xM8M,Apartament w klimatycznej kamienicy,Józefa Ignacego Kraszewskiego,30.0,2300,450.0,https://www.otodom.pl/pl/oferta/apartament-w-klimatycznej-kamienicy-ID4xM8M,50.0581549,19.9177685,Zwierzyniec
ID4xM8J,3-Pokojowe mieszkanie w dobrej lokalizacji,Jerzego Szablowskiego,65.4,3800,1200.0,https://www.otodom.pl/pl/oferta/3-pokojowe-mieszkanie-w-dobrej-lokalizacji-ID4xM8J,50.0766832,19.8934508,Bronowice
ID4x92m,Do wynajęcia ELEGANCKIE mieszkanie Dobrego Pasterza - Kaskada-Serenada,Dobrego Pasterza,27.0,2550,465.0,https://www.otodom.pl/pl/oferta/do-wynajecia-eleganckie-mieszkanie-dobrego-pasterza-kaskada-serenada-ID4x92m,50.0900803,19.9818047,Prądnik Czerwony
ID4xp5f,Klimatyczne 2- pokojowe mieszkanie na Kazimierzu! Bez prowizji!,pl. Wolnica,48.0,3400,600.0,https://www.otodom.pl/pl/oferta/klimatyczne-2-pokojowe-mieszkanie-na-kazimierzu-bez-prowizji-ID4xp5f,50.0487892,19.9441159,Stare Miasto
ID4xrHM,"Eng| Kawalerka, ul. Friedleina, 24 m2 od września",Józefa Friedleina,24.0,2300,300.0,https://www.otodom.pl/pl/oferta/eng-kawalerka-ul-friedleina-24-m2-od-wrzesnia-ID4xrHM,50.076718,19.9315817,Krowodrza
ID4xFMe,Apartament | premium | klima | parking | Browar Lubicz,Lubicz,90.0,6100,1100.0,https://www.otodom.pl/pl/oferta/apartament-premium-klima-parking-browar-lubicz-ID4xFMe,50.0653567,19.9539114,Grzegórzki
ID2GDsM,"Wynajmę Mieszkanie 48m2, os. Dobrego Pasterza",os. Dobrego Pasterza,48.0,3200,600.0,https://www.otodom.pl/pl/oferta/wynajme-mieszkanie-48m2-os-dobrego-pasterza-ID2GDsM,50.0887967,19.9885664,Mistrzejowice
ID4xM5K,2 Pokoje | Ul Bułgarska | Loggia | 50m |,Bułgarska,50.0,2499,950.0,https://www.otodom.pl/pl/oferta/2-pokoje-ul-bulgarska-loggia-50m-ID4xM5K,50.0222683,19.9180539,Dębniki
ID4xLhr,"4-pokojowe, taras, klimatyzacja, blisko Galerii Krakowskiej",Rakowicka,96.16,6700,1455.0,https://www.otodom.pl/pl/oferta/4-pokojowe-taras-klimatyzacja-blisko-galerii-krakowskiej-ID4xLhr,50.0771319,19.9591349,Grzegórzki
ID4xLph,"2-pokoje z ogródkiem, ciche, koło UEK i Politechniki",Rakowicka,38.47,3200,766.0,https://www.otodom.pl/pl/oferta/2-pokoje-z-ogrodkiem-ciche-kolo-uek-i-politechniki-ID4xLph,50.0771319,19.9591349,Grzegórzki
ID41QZk,Wynajmę Pokój Po Remoncie Radzikowskiego,Eljasza Walerego Radzikowskiego,15.0,1000,600.0,https://www.otodom.pl/pl/oferta/wynajme-pokoj-po-remoncie-radzikowskiego-ID41QZk,,,
ID4xxXJ,2 pokoje 46 m2 Exclusive Wings Plaza Dębniki,Karola Bunscha,46.0,5000,,https://www.otodom.pl/pl/oferta/2-pokoje-46-m2-exclusive-wings-plaza-debniki-ID4xxXJ,50.0088483,19.8815969,Dębniki
ID4xcNj,os. Piastów| 2 pokoje| oddzielna kuchnia,os. Piastów,42.0,2400,650.0,https://www.otodom.pl/pl/oferta/os-piastow-2-pokoje-oddzielna-kuchnia-ID4xcNj,50.1020384,20.0125194,Mistrzejowice
ID4xuoa,Skowronia | mieszkanie 3-pokojowe| ENG,Skowronia,53.0,3400,863.0,https://www.otodom.pl/pl/oferta/skowronia-mieszkanie-3-pokojowe-eng-ID4xuoa,50.0255883,19.9682263,Podgórze Duchackie
ID4xM2T,2 niezależne pok. 53m2 *Orawska* Stare Podgórze,Orawskiej 3,53.0,4000,720.0,https://www.otodom.pl/pl/oferta/2-niezalezne-pok-53m2-orawska-stare-podgorze-ID4xM2T,50.041132,19.9385183,Podgórze
ID4xM2P,Nowoczesne - Pierwszy Najemca - Bulwary - 3 pokoje,Bajeczna,65.0,4900,700.0,https://www.otodom.pl/pl/oferta/nowoczesne-pierwszy-najemca-bulwary-3-pokoje-ID4xM2P,50.0575031,19.9764216,Grzegórzki
ID4xDS3,Apartament 5 pok | sauna | klimatyzacja | 2 tarasy,Doktora Jana Piltza,150.0,7500,2000.0,https://www.otodom.pl/pl/oferta/apartament-5-pok-sauna-klimatyzacja-2-tarasy-ID4xDS3,50.0119488,19.8917764,Dębniki
ID4vHD1,3 pokojowy apartament - mpec - recepcja - A/C,Św,70.0,5500,1900.0,https://www.otodom.pl/pl/oferta/3-pokojowy-apartament-mpec-recepcja-a-c-ID4vHD1,50.0686663,19.947802,Stare Miasto
ID4x5HT,Aktualne!Wiślane Tarasy 2.0|2-pok|klimatyzacja|garaż|komórka w cenie!,Grzegórzecka,45.94,3550,700.0,https://www.otodom.pl/pl/oferta/aktualne-wislane-tarasy-2-0-2-pok-klimatyzacja-garaz-komorka-w-cenie-ID4x5HT,50.0585485,19.9537291,Grzegórzki
ID4vMOv,"Kraków, Salwator, Kościuszki",Generała Tadeusza Kościuszki,45.0,5000,850.0,https://www.otodom.pl/pl/oferta/krakow-salwator-kosciuszki-ID4vMOv,,,
ID4xLpl,"2-pokojowe, jasne mieszkanie 55 m² | ul. Dąbska, Park Lotników",Dąbska,55.0,4100,700.0,https://www.otodom.pl/pl/oferta/2-pokojowe-jasne-mieszkanie-55-m-ul-dabska-park-lotnikow-ID4xLpl,50.0686692,19.9846067,Grzegórzki
ID4xKPW,3 pokoje +2 łazienki +osobna kuchnia _Wrocławska / Kleparz _ dla 6 os.,Iwona Odrowąża,78.0,4600,860.0,https://www.otodom.pl/pl/oferta/3-pokoje-2-lazienki-osobna-kuchnia-wroclawska-kleparz-dla-6-os-ID4xKPW,50.0781342,19.9329957,Krowodrza
ID4vQNo,Luksusowy dwupoziomowy apartament +garaż,Hynka,145.0,8000,1000.0,https://www.otodom.pl/pl/oferta/luksusowy-dwupoziomowy-apartament-garaz-ID4vQNo,50.0813053,20.0095495,Czyżyny
